[
    {
        "pk": 1,
        "model": "matches.game",
        "fields": {
            "started": true,
            "game_number": 1,
            "winner": 12,
            "finished": true,
            "game_map": 2,
            "match": 1
        }
    },
    {
        "pk": 2,
        "model": "matches.game",
        "fields": {
            "started": true,
            "game_number": 1,
            "winner": 29,
            "finished": true,
            "game_map": 5,
            "match": 2
        }
    },
    {
        "pk": 3,
        "model": "matches.game",
        "fields": {
            "started": true,
            "game_number": 2,
            "winner": 29,
            "finished": true,
            "game_map": 3,
            "match": 2
        }
    },
    {
        "pk": 4,
        "model": "matches.game",
        "fields": {
            "started": true,
            "game_number": 3,
            "winner": 29,
            "finished": true,
            "game_map": 3,
            "match": 2
        }
    },
    {
        "pk": 5,
        "model": "matches.game",
        "fields": {
            "started": true,
            "game_number": 1,
            "winner": 21,
            "finished": true,
            "game_map": 4,
            "match": 3
        }
    },
    {
        "pk": 6,
        "model": "matches.game",
        "fields": {
            "started": true,
            "game_number": 1,
            "winner": 10,
            "finished": true,
            "game_map": 4,
            "match": 4
        }
    },
    {
        "pk": 7,
        "model": "matches.game",
        "fields": {
            "started": true,
            "game_number": 2,
            "winner": 31,
            "finished": true,
            "game_map": 7,
            "match": 4
        }
    },
    {
        "pk": 8,
        "model": "matches.game",
        "fields": {
            "started": true,
            "game_number": 3,
            "winner": 10,
            "finished": true,
            "game_map": 1,
            "match": 4
        }
    },
    {
        "pk": 9,
        "model": "matches.game",
        "fields": {
            "started": true,
            "game_number": 2,
            "winner": 21,
            "finished": true,
            "game_map": 5,
            "match": 3
        }
    },
    {
        "pk": 10,
        "model": "matches.game",
        "fields": {
            "started": true,
            "game_number": 3,
            "winner": 21,
            "finished": true,
            "game_map": 4,
            "match": 3
        }
    },
    {
        "pk": 11,
        "model": "matches.game",
        "fields": {
            "started": true,
            "game_number": 4,
            "winner": 21,
            "finished": true,
            "game_map": 1,
            "match": 3
        }
    },
    {
        "pk": 12,
        "model": "matches.game",
        "fields": {
            "started": true,
            "game_number": 5,
            "winner": 3,
            "finished": true,
            "game_map": 3,
            "match": 3
        }
    },
    {
        "pk": 13,
        "model": "matches.game",
        "fields": {
            "started": true,
            "game_number": 4,
            "winner": null,
            "finished": false,
            "game_map": 3,
            "match": 2
        }
    },
    {
        "pk": 14,
        "model": "matches.game",
        "fields": {
            "started": true,
            "game_number": 1,
            "winner": 12,
            "finished": true,
            "game_map": 3,
            "match": 5
        }
    },
    {
        "pk": 15,
        "model": "matches.game",
        "fields": {
            "started": true,
            "game_number": 2,
            "winner": null,
            "finished": false,
            "game_map": 4,
            "match": 5
        }
    },
    {
        "pk": 1,
        "model": "matches.tournament",
        "fields": {
            "style": "GSL",
            "name": "GSL Season 2 Code S",
            "slug": "gsl-season-2-code-s"
        }
    },
    {
        "pk": 1,
        "model": "matches.collection",
        "fields": {
            "tournament": 1,
            "name": "Ro 16 Group A",
            "slug": "ro-16-group-a"
        }
    },
    {
        "pk": 2,
        "model": "matches.collection",
        "fields": {
            "tournament": 1,
            "name": "Ro 16 Group B",
            "slug": "ro-16-group-b"
        }
    },
    {
        "pk": 3,
        "model": "matches.collection",
        "fields": {
            "tournament": 1,
            "name": "Ro 16 Group D",
            "slug": "ro-16-group-d"
        }
    },
    {
        "pk": 4,
        "model": "matches.collection",
        "fields": {
            "tournament": 1,
            "name": "Ro 32 Group A",
            "slug": "ro-32-group-a"
        }
    },
    {
        "pk": 1,
        "model": "matches.match",
        "fields": {
            "match_identifier": 1,
            "best_of": 5,
            "collection": 1,
            "slug": "july-vs-squirtle"
        }
    },
    {
        "pk": 2,
        "model": "matches.match",
        "fields": {
            "match_identifier": 1,
            "best_of": 5,
            "collection": 1,
            "slug": "july-vs-parting"
        }
    },
    {
        "pk": 3,
        "model": "matches.match",
        "fields": {
            "match_identifier": 2,
            "best_of": 5,
            "collection": 2,
            "slug": "leenock-vs-mvp"
        }
    },
    {
        "pk": 4,
        "model": "matches.match",
        "fields": {
            "match_identifier": 1,
            "best_of": 3,
            "collection": 3,
            "slug": "hero-vs-maru"
        }
    },
    {
        "pk": 5,
        "model": "matches.match",
        "fields": {
            "match_identifier": 3,
            "best_of": 3,
            "collection": 4,
            "slug": "squirtle-vs-mma"
        }
    },
    {
        "pk": 1,
        "model": "matches.matchplayer",
        "fields": {
            "color": null,
            "player": 2,
            "race": "terran",
            "side": "left",
            "match": 1
        }
    },
    {
        "pk": 2,
        "model": "matches.matchplayer",
        "fields": {
            "color": null,
            "player": 12,
            "race": "protoss",
            "side": "right",
            "match": 1
        }
    },
    {
        "pk": 3,
        "model": "matches.matchplayer",
        "fields": {
            "color": null,
            "player": 2,
            "race": "zerg",
            "side": "left",
            "match": 2
        }
    },
    {
        "pk": 4,
        "model": "matches.matchplayer",
        "fields": {
            "color": null,
            "player": 29,
            "race": "protoss",
            "side": "right",
            "match": 2
        }
    },
    {
        "pk": 5,
        "model": "matches.matchplayer",
        "fields": {
            "color": null,
            "player": 3,
            "race": "zerg",
            "side": "left",
            "match": 3
        }
    },
    {
        "pk": 6,
        "model": "matches.matchplayer",
        "fields": {
            "color": null,
            "player": 21,
            "race": "terran",
            "side": "right",
            "match": 3
        }
    },
    {
        "pk": 7,
        "model": "matches.matchplayer",
        "fields": {
            "color": null,
            "player": 31,
            "race": "protoss",
            "side": "right",
            "match": 4
        }
    },
    {
        "pk": 8,
        "model": "matches.matchplayer",
        "fields": {
            "color": null,
            "player": 10,
            "race": "terran",
            "side": "left",
            "match": 4
        }
    },
    {
        "pk": 9,
        "model": "matches.matchplayer",
        "fields": {
            "color": null,
            "player": 12,
            "race": "protoss",
            "side": "left",
            "match": 5
        }
    },
    {
        "pk": 10,
        "model": "matches.matchplayer",
        "fields": {
            "color": null,
            "player": 26,
            "race": "terran",
            "side": "right",
            "match": 5
        }
    },
    {
        "pk": 1,
        "model": "matches.action",
        "fields": {
            "finished_at": null,
            "results": "[{\"type\": \"macro\", \"unit\": \"Marine\"}]",
            "actor": 1,
            "game": 1,
            "action_type": "unit_creation",
            "position": "null",
            "started_at": 3.008000135421753,
            "changes": "[]",
            "changes_at": "[]"
        }
    },
    {
        "pk": 2,
        "model": "matches.action",
        "fields": {
            "finished_at": null,
            "results": "[{\"type\": \"macro\", \"unit\": \"Zealot\"}]",
            "actor": 2,
            "game": 1,
            "action_type": "unit_creation",
            "position": "null",
            "started_at": 14.022000074386597,
            "changes": "[]",
            "changes_at": "[]"
        }
    },
    {
        "pk": 3,
        "model": "matches.action",
        "fields": {
            "finished_at": null,
            "results": "[{\"type\": \"macro\", \"unit\": \"Stalker\"}]",
            "actor": 2,
            "game": 1,
            "action_type": "unit_creation",
            "position": "null",
            "started_at": 18.046000003814697,
            "changes": "[]",
            "changes_at": "[]"
        }
    },
    {
        "pk": 4,
        "model": "matches.action",
        "fields": {
            "finished_at": null,
            "results": "[{\"type\": \"macro\", \"unit\": \"Marauder\"}]",
            "actor": 1,
            "game": 1,
            "action_type": "unit_creation",
            "position": "null",
            "started_at": 40.080000162124634,
            "changes": "[]",
            "changes_at": "[]"
        }
    },
    {
        "pk": 5,
        "model": "matches.action",
        "fields": {
            "finished_at": 81.1340000629425,
            "results": "[{\"type\": \"forces\", \"forces\": [{\"estimate\": \"3\", \"type\": \"Zealot\"}, {\"estimate\": \"5\", \"type\": \"Stalker\"}]}, {\"type\": \"forces\", \"forces\": [{\"estimate\": \"4\", \"type\": \"Marine\"}, {\"estimate\": \"3\", \"type\": \"Marauder\"}]}, {\"win_value\": 2, \"winner\": \"right\", \"type\": \"win\"}]",
            "actor": 2,
            "game": 1,
            "action_type": "base_invaded",
            "position": "{\"y\": 71.54285714285714, \"x\": 29.42528735632184}",
            "started_at": 64.11600017547607,
            "changes": "[]",
            "changes_at": "[]"
        }
    },
    {
        "pk": 6,
        "model": "matches.action",
        "fields": {
            "finished_at": null,
            "results": "[{\"type\": \"forces\", \"forces\": []}, {\"type\": \"forces\", \"forces\": []}]",
            "actor": 1,
            "game": 1,
            "action_type": "harassment",
            "position": "{\"y\": 7.428571428571429, \"x\": 62.41379310344828}",
            "started_at": 102.15900015830994,
            "changes": "[]",
            "changes_at": "[]"
        }
    },
    {
        "pk": 7,
        "model": "matches.action",
        "fields": {
            "finished_at": null,
            "results": "[{\"type\": \"macro\", \"unit\": \"Medivac\"}]",
            "actor": 1,
            "game": 1,
            "action_type": "unit_creation",
            "position": "null",
            "started_at": 111.3420000076294,
            "changes": "[]",
            "changes_at": "[]"
        }
    },
    {
        "pk": 8,
        "model": "matches.action",
        "fields": {
            "finished_at": 155.41200017929077,
            "results": "[{\"type\": \"forces\", \"forces\": [{\"estimate\": \"10\", \"type\": \"Marine\"}, {\"estimate\": \"4\", \"type\": \"Marauder\"}, {\"estimate\": \"2\", \"type\": \"Medivac\"}]}, {\"type\": \"forces\", \"forces\": [{\"estimate\": \"20\", \"type\": \"Probe\"}]}, {\"type\": \"forces\", \"forces\": []}, {\"type\": \"forces\", \"forces\": [{\"estimate\": \"3\", \"type\": \"Zealot\"}, {\"estimate\": \"5\", \"type\": \"Stalker\"}]}, {\"win_value\": 2, \"winner\": \"left\", \"type\": \"win\"}]",
            "actor": 1,
            "game": 1,
            "action_type": "harassment",
            "position": "{\"y\": 7.314285714285715, \"x\": 60.3448275862069}",
            "started_at": 119.3510000705719,
            "changes": "[u'reinforcement']",
            "changes_at": "[143.39400005340576]"
        }
    },
    {
        "pk": 9,
        "model": "matches.action",
        "fields": {
            "finished_at": 223.5640001296997,
            "results": "[{\"type\": \"forces\", \"forces\": [{\"estimate\": \"10\", \"type\": \"Marine\"}, {\"estimate\": \"10\", \"type\": \"Marauder\"}, {\"estimate\": \"4\", \"type\": \"Medivac\"}]}, {\"type\": \"forces\", \"forces\": [{\"estimate\": \"5\", \"type\": \"Zealot\"}, {\"estimate\": \"3\", \"type\": \"Stalker\"}]}, {\"type\": \"forces\", \"forces\": []}, {\"type\": \"forces\", \"forces\": [{\"estimate\": \"20\", \"type\": \"Probe\"}]}, {\"type\": \"forces\", \"forces\": []}, {\"type\": \"forces\", \"forces\": [{\"estimate\": \"2\", \"type\": \"Immortal\"}]}, {\"win_value\": 2, \"winner\": \"left\", \"type\": \"win\"}]",
            "actor": 1,
            "game": 1,
            "action_type": "base_invaded",
            "position": "{\"y\": 28.685714285714287, \"x\": 74.82758620689656}",
            "started_at": 183.44900012016296,
            "changes": "[u'reinforcement', u'reinforcement']",
            "changes_at": "[199.46600008010864, 216.50200009346008]"
        }
    },
    {
        "pk": 10,
        "model": "matches.action",
        "fields": {
            "finished_at": null,
            "results": "[{\"type\": \"macro\", \"unit\": \"Immortal\"}]",
            "actor": 2,
            "game": 1,
            "action_type": "unit_creation",
            "position": "null",
            "started_at": 211.49399995803833,
            "changes": "[]",
            "changes_at": "[]"
        }
    },
    {
        "pk": 11,
        "model": "matches.action",
        "fields": {
            "finished_at": 257.6080000400543,
            "results": "[{\"type\": \"forces\", \"forces\": [{\"estimate\": \"10\", \"type\": \"Marine\"}, {\"estimate\": \"4\", \"type\": \"Marauder\"}, {\"estimate\": \"2\", \"type\": \"Medivac\"}]}, {\"type\": \"forces\", \"forces\": [{\"estimate\": \"10\", \"type\": \"Stalker\"}]}, {\"win_value\": 3, \"winner\": \"right\", \"type\": \"win\"}]",
            "actor": 1,
            "game": 1,
            "action_type": "harassment",
            "position": "{\"y\": 7.7714285714285705, \"x\": 60.91954022988506}",
            "started_at": 233.5770001411438,
            "changes": "[]",
            "changes_at": "[]"
        }
    },
    {
        "pk": 12,
        "model": "matches.action",
        "fields": {
            "finished_at": 309.7000000476837,
            "results": "[{\"type\": \"forces\", \"forces\": [{\"estimate\": \"5\", \"type\": \"Zealot\"}, {\"estimate\": \"10\", \"type\": \"Stalker\"}, {\"estimate\": \"4\", \"type\": \"Immortal\"}]}, {\"type\": \"forces\", \"forces\": [{\"estimate\": \"10\", \"type\": \"Marine\"}, {\"estimate\": \"10\", \"type\": \"Marauder\"}, {\"estimate\": \"3\", \"type\": \"Medivac\"}]}, {\"type\": \"forces\", \"forces\": [{\"estimate\": \"3\", \"type\": \"Zealot\"}, {\"estimate\": \"3\", \"type\": \"Stalker\"}]}, {\"type\": \"forces\", \"forces\": [{\"estimate\": \"2\", \"type\": \"Marine\"}, {\"estimate\": \"2\", \"type\": \"Marauder\"}]}, {\"win_value\": 2, \"winner\": \"right\", \"type\": \"win\"}]",
            "actor": 2,
            "game": 1,
            "action_type": "base_invaded",
            "position": "{\"y\": 69.71428571428572, \"x\": 29.195402298850574}",
            "started_at": 268.625,
            "changes": "[u'reinforcement']",
            "changes_at": "[295.6630001068115]"
        }
    },
    {
        "pk": 13,
        "model": "matches.action",
        "fields": {
            "finished_at": 389.87400007247925,
            "results": "[{\"type\": \"forces\", \"forces\": [{\"estimate\": \"20\", \"type\": \"Zealot\"}, {\"estimate\": \"10\", \"type\": \"Stalker\"}, {\"estimate\": \"5\", \"type\": \"Immortal\"}]}, {\"type\": \"forces\", \"forces\": [{\"estimate\": \"10\", \"type\": \"Marine\"}, {\"estimate\": \"5\", \"type\": \"Marauder\"}, {\"estimate\": \"2\", \"type\": \"Medivac\"}]}, {\"win_value\": 3, \"winner\": \"right\", \"type\": \"win\"}]",
            "actor": 2,
            "game": 1,
            "action_type": "base_invaded",
            "position": "{\"y\": 77.60000000000001, \"x\": 24.82758620689655}",
            "started_at": 338.7350001335144,
            "changes": "[]",
            "changes_at": "[]"
        }
    },
    {
        "pk": 14,
        "model": "matches.action",
        "fields": {
            "finished_at": null,
            "results": "[{\"type\": \"location\", \"location\": \"natural\"}]",
            "actor": 5,
            "game": 5,
            "action_type": "base_created",
            "position": "{\"y\": 11.830985915492958, \"x\": 19.885057471264368}",
            "started_at": 2.002758815370757,
            "changes": "[]",
            "changes_at": "[]"
        }
    },
    {
        "pk": 15,
        "model": "matches.action",
        "fields": {
            "finished_at": null,
            "results": "[{\"type\": \"location\", \"location\": \"main\"}]",
            "actor": 5,
            "game": 5,
            "action_type": "base_created",
            "position": "{\"y\": 14.084507042253522, \"x\": 19.885057471264368}",
            "started_at": 4.002758552288187,
            "changes": "[]",
            "changes_at": "[]"
        }
    },
    {
        "pk": 16,
        "model": "matches.action",
        "fields": {
            "finished_at": null,
            "results": "[{\"type\": \"location\", \"location\": \"natural\"}]",
            "actor": 5,
            "game": 5,
            "action_type": "base_created",
            "position": "{\"y\": 12.535211267605634, \"x\": 19.195402298850574}",
            "started_at": 6.008275788405846,
            "changes": "[]",
            "changes_at": "[]"
        }
    },
    {
        "pk": 17,
        "model": "matches.action",
        "fields": {
            "finished_at": null,
            "results": "[{\"type\": \"location\", \"location\": \"other\"}]",
            "actor": 5,
            "game": 5,
            "action_type": "base_created",
            "position": "{\"y\": 12.394366197183098, \"x\": 20.229885057471265}",
            "started_at": 2.002758815370757,
            "changes": "[]",
            "changes_at": "[]"
        }
    },
    {
        "pk": 18,
        "model": "matches.action",
        "fields": {
            "finished_at": null,
            "results": "[{\"type\": \"location\", \"location\": \"main\"}]",
            "actor": 5,
            "game": 5,
            "action_type": "base_created",
            "position": "{\"y\": 8.87323943661972, \"x\": 15.057471264367816}",
            "started_at": 397.915862182091,
            "changes": "[]",
            "changes_at": "[]"
        }
    },
    {
        "pk": 19,
        "model": "matches.action",
        "fields": {
            "finished_at": null,
            "results": "[{\"type\": \"forces\", \"forces\": []}, {\"type\": \"forces\", \"forces\": []}]",
            "actor": 5,
            "game": 5,
            "action_type": "harassment",
            "position": "{\"y\": 8.591549295774648, \"x\": 15.517241379310345}",
            "started_at": 4.005517301888301,
            "changes": "[]",
            "changes_at": "[]"
        }
    },
    {
        "pk": 20,
        "model": "matches.action",
        "fields": {
            "finished_at": null,
            "results": "[{\"type\": \"forces\", \"forces\": []}, {\"type\": \"forces\", \"forces\": []}]",
            "actor": 5,
            "game": 5,
            "action_type": "base_invaded",
            "position": "{\"y\": 12.676056338028168, \"x\": 19.54022988505747}",
            "started_at": 4.006896512261752,
            "changes": "[]",
            "changes_at": "[]"
        }
    },
    {
        "pk": 21,
        "model": "matches.action",
        "fields": {
            "finished_at": null,
            "results": "[{\"type\": \"location\", \"location\": \"natural\"}]",
            "actor": 5,
            "game": 5,
            "action_type": "base_created",
            "position": "{\"y\": 12.957746478873238, \"x\": 19.54022988505747}",
            "started_at": 4.005517301888301,
            "changes": "[]",
            "changes_at": "[]"
        }
    },
    {
        "pk": 22,
        "model": "matches.action",
        "fields": {
            "finished_at": null,
            "results": "[{\"type\": \"location\", \"location\": \"other\"}]",
            "actor": 5,
            "game": 5,
            "action_type": "base_created",
            "position": "{\"y\": 12.676056338028168, \"x\": 19.54022988505747}",
            "started_at": 5.013793090294148,
            "changes": "[]",
            "changes_at": "[]"
        }
    },
    {
        "pk": 23,
        "model": "matches.action",
        "fields": {
            "finished_at": null,
            "results": "[{\"type\": \"forces\", \"forces\": []}, {\"type\": \"forces\", \"forces\": []}]",
            "actor": null,
            "game": 5,
            "action_type": "engagement",
            "position": "{\"y\": 33.38028169014085, \"x\": 50.3448275862069}",
            "started_at": 949.726896614864,
            "changes": "[]",
            "changes_at": "[]"
        }
    },
    {
        "pk": 24,
        "model": "matches.action",
        "fields": {
            "finished_at": null,
            "results": "[{\"type\": \"forces\", \"forces\": [{\"estimate\": \"10\", \"type\": \"Nydus Worm\"}]}, {\"type\": \"forces\", \"forces\": []}]",
            "actor": 5,
            "game": 5,
            "action_type": "base_invaded",
            "position": "{\"y\": 20.985915492957748, \"x\": 50.3448275862069}",
            "started_at": 3.005517104576374,
            "changes": "[]",
            "changes_at": "[]"
        }
    },
    {
        "pk": 25,
        "model": "matches.action",
        "fields": {
            "finished_at": null,
            "results": "[{\"type\": \"location\", \"location\": \"main\"}]",
            "actor": 8,
            "game": 6,
            "action_type": "base_created",
            "position": "{\"y\": 89.1549295774648, \"x\": 22.298850574712645}",
            "started_at": 82.15172405900627,
            "changes": "[]",
            "changes_at": "[]"
        }
    },
    {
        "pk": 26,
        "model": "matches.action",
        "fields": {
            "finished_at": null,
            "results": "[{\"type\": \"location\", \"location\": \"main\"}]",
            "actor": 7,
            "game": 6,
            "action_type": "base_created",
            "position": "{\"y\": 9.859154929577464, \"x\": 78.27586206896552}",
            "started_at": 89.16275846547094,
            "changes": "[]",
            "changes_at": "[]"
        }
    },
    {
        "pk": 27,
        "model": "matches.action",
        "fields": {
            "finished_at": null,
            "results": "[{\"type\": \"macro\", \"unit\": \"Marine\"}]",
            "actor": 8,
            "game": 6,
            "action_type": "unit_creation",
            "position": "null",
            "started_at": 154.27862068702436,
            "changes": "[]",
            "changes_at": "[]"
        }
    },
    {
        "pk": 28,
        "model": "matches.action",
        "fields": {
            "finished_at": null,
            "results": "[{\"type\": \"macro\", \"unit\": \"Zealot\"}]",
            "actor": 7,
            "game": 6,
            "action_type": "unit_creation",
            "position": "null",
            "started_at": 192.34206890237743,
            "changes": "[]",
            "changes_at": "[]"
        }
    },
    {
        "pk": 29,
        "model": "matches.action",
        "fields": {
            "finished_at": null,
            "results": "[{\"type\": \"macro\", \"unit\": \"Stalker\"}]",
            "actor": 7,
            "game": 6,
            "action_type": "unit_creation",
            "position": "null",
            "started_at": 266.4565517162455,
            "changes": "[]",
            "changes_at": "[]"
        }
    },
    {
        "pk": 30,
        "model": "matches.action",
        "fields": {
            "finished_at": null,
            "results": "[{\"type\": \"location\", \"location\": \"natural\"}]",
            "actor": 7,
            "game": 6,
            "action_type": "base_created",
            "position": "{\"y\": 28.450704225352112, \"x\": 91.72413793103448}",
            "started_at": 309.526896312319,
            "changes": "[]",
            "changes_at": "[]"
        }
    },
    {
        "pk": 31,
        "model": "matches.action",
        "fields": {
            "finished_at": null,
            "results": "[{\"type\": \"location\", \"location\": \"natural\"}]",
            "actor": 8,
            "game": 6,
            "action_type": "base_created",
            "position": "{\"y\": 71.9718309859155, \"x\": 9.080459770114944}",
            "started_at": 338.5668965043693,
            "changes": "[]",
            "changes_at": "[]"
        }
    },
    {
        "pk": 32,
        "model": "matches.action",
        "fields": {
            "finished_at": null,
            "results": "[{\"type\": \"macro\", \"unit\": \"Sentry\"}]",
            "actor": 7,
            "game": 6,
            "action_type": "unit_creation",
            "position": "null",
            "started_at": 351.5862066992398,
            "changes": "[]",
            "changes_at": "[]"
        }
    },
    {
        "pk": 33,
        "model": "matches.action",
        "fields": {
            "finished_at": null,
            "results": "[{\"type\": \"macro\", \"unit\": \"Observer\"}]",
            "actor": 7,
            "game": 6,
            "action_type": "unit_creation",
            "position": "null",
            "started_at": 444.73655174518456,
            "changes": "[]",
            "changes_at": "[]"
        }
    },
    {
        "pk": 34,
        "model": "matches.action",
        "fields": {
            "finished_at": null,
            "results": "[{\"type\": \"macro\", \"unit\": \"Marauder\"}]",
            "actor": 8,
            "game": 6,
            "action_type": "unit_creation",
            "position": "null",
            "started_at": 484.7972412767082,
            "changes": "[]",
            "changes_at": "[]"
        }
    },
    {
        "pk": 35,
        "model": "matches.action",
        "fields": {
            "finished_at": null,
            "results": "[{\"type\": \"macro\", \"unit\": \"Medivac\"}]",
            "actor": 8,
            "game": 6,
            "action_type": "unit_creation",
            "position": "null",
            "started_at": 505.8331032457023,
            "changes": "[]",
            "changes_at": "[]"
        }
    },
    {
        "pk": 36,
        "model": "matches.action",
        "fields": {
            "finished_at": null,
            "results": "[{\"type\": \"location\", \"location\": \"other\"}]",
            "actor": 8,
            "game": 6,
            "action_type": "base_created",
            "position": "{\"y\": 81.40845070422536, \"x\": 46.666666666666664}",
            "started_at": 571.9379309950203,
            "changes": "[]",
            "changes_at": "[]"
        }
    },
    {
        "pk": 37,
        "model": "matches.action",
        "fields": {
            "finished_at": null,
            "results": "[{\"type\": \"location\", \"location\": \"other\"}]",
            "actor": 8,
            "game": 6,
            "action_type": "base_created",
            "position": "{\"y\": 40.563380281690144, \"x\": 7.011494252873564}",
            "started_at": 674.5848274230957,
            "changes": "[]",
            "changes_at": "[]"
        }
    },
    {
        "pk": 38,
        "model": "matches.action",
        "fields": {
            "finished_at": null,
            "results": "[{\"type\": \"location\", \"location\": \"other\"}]",
            "actor": 7,
            "game": 6,
            "action_type": "base_created",
            "position": "{\"y\": 58.59154929577465, \"x\": 93.90804597701148}",
            "started_at": 701.6248275493754,
            "changes": "[]",
            "changes_at": "[]"
        }
    },
    {
        "pk": 39,
        "model": "matches.action",
        "fields": {
            "finished_at": 769.7213791156637,
            "results": "[{\"type\": \"forces\", \"forces\": [{\"estimate\": \"20\", \"type\": \"Marine\"}, {\"estimate\": \"4\", \"type\": \"Marauder\"}, {\"estimate\": \"4\", \"type\": \"Medivac\"}]}, {\"type\": \"forces\", \"forces\": [{\"estimate\": \"10\", \"type\": \"Zealot\"}, {\"estimate\": \"5\", \"type\": \"Stalker\"}]}, {\"win_value\": 2, \"winner\": \"left\", \"type\": \"win\"}]",
            "actor": 8,
            "game": 6,
            "action_type": "base_invaded",
            "position": "{\"y\": 9.43661971830986, \"x\": 67.81609195402298}",
            "started_at": 739.6841378047549,
            "changes": "[]",
            "changes_at": "[]"
        }
    },
    {
        "pk": 40,
        "model": "matches.action",
        "fields": {
            "finished_at": null,
            "results": "[{\"type\": \"macro\", \"unit\": \"Archon\"}]",
            "actor": 7,
            "game": 6,
            "action_type": "unit_creation",
            "position": "null",
            "started_at": 805.9034482363998,
            "changes": "[]",
            "changes_at": "[]"
        }
    },
    {
        "pk": 41,
        "model": "matches.action",
        "fields": {
            "finished_at": null,
            "results": "[{\"type\": \"macro\", \"unit\": \"High Templar\"}]",
            "actor": 7,
            "game": 6,
            "action_type": "unit_creation",
            "position": "null",
            "started_at": 820.0758618321912,
            "changes": "[]",
            "changes_at": "[]"
        }
    },
    {
        "pk": 42,
        "model": "matches.action",
        "fields": {
            "finished_at": null,
            "results": "[{\"type\": \"macro\", \"unit\": \"Ghost\"}]",
            "actor": 8,
            "game": 6,
            "action_type": "unit_creation",
            "position": "null",
            "started_at": 857.1448273494326,
            "changes": "[]",
            "changes_at": "[]"
        }
    },
    {
        "pk": 43,
        "model": "matches.action",
        "fields": {
            "finished_at": null,
            "results": "[{\"type\": \"location\", \"location\": \"other\"}]",
            "actor": 8,
            "game": 6,
            "action_type": "base_created",
            "position": "{\"y\": 8.87323943661972, \"x\": 15.632183908045977}",
            "started_at": 906.2620689129008,
            "changes": "[]",
            "changes_at": "[]"
        }
    },
    {
        "pk": 44,
        "model": "matches.action",
        "fields": {
            "finished_at": null,
            "results": "[{\"type\": \"location\", \"location\": \"other\"}]",
            "actor": 8,
            "game": 6,
            "action_type": "base_created",
            "position": "{\"y\": 43.802816901408455, \"x\": 29.42528735632184}",
            "started_at": 910.2689654251625,
            "changes": "[]",
            "changes_at": "[]"
        }
    },
    {
        "pk": 45,
        "model": "matches.action",
        "fields": {
            "finished_at": 1024.4924137510102,
            "results": "[{\"type\": \"forces\", \"forces\": [{\"estimate\": \"<30\", \"type\": \"Marine\"}, {\"estimate\": \"10\", \"type\": \"Marauder\"}, {\"estimate\": \"10\", \"type\": \"Medivac\"}, {\"estimate\": \"3\", \"type\": \"Ghost\"}]}, {\"type\": \"forces\", \"forces\": [{\"estimate\": \"10\", \"type\": \"Zealot\"}, {\"estimate\": \"5\", \"type\": \"Stalker\"}, {\"estimate\": \"5\", \"type\": \"Sentry\"}, {\"estimate\": \"2\", \"type\": \"Archon\"}, {\"estimate\": \"2\", \"type\": \"High Templar\"}]}, {\"win_value\": 2, \"winner\": \"left\", \"type\": \"win\"}]",
            "actor": null,
            "game": 6,
            "action_type": "engagement",
            "position": "{\"y\": 61.69014084507042, \"x\": 58.27586206896552}",
            "started_at": 972.3641379126187,
            "changes": "[]",
            "changes_at": "[]"
        }
    },
    {
        "pk": 46,
        "model": "matches.action",
        "fields": {
            "finished_at": 1232.9875860543086,
            "results": "[{\"type\": \"forces\", \"forces\": [{\"estimate\": \"<30\", \"type\": \"Marine\"}, {\"estimate\": \"20\", \"type\": \"Marauder\"}, {\"estimate\": \"10\", \"type\": \"Medivac\"}, {\"estimate\": \"4\", \"type\": \"Ghost\"}]}, {\"type\": \"forces\", \"forces\": [{\"estimate\": \"20\", \"type\": \"Zealot\"}, {\"estimate\": \"5\", \"type\": \"Stalker\"}, {\"estimate\": \"1\", \"type\": \"Archon\"}, {\"estimate\": \"4\", \"type\": \"High Templar\"}]}, {\"win_value\": 3, \"winner\": \"left\", \"type\": \"win\"}]",
            "actor": null,
            "game": 6,
            "action_type": "engagement",
            "position": "{\"y\": 47.74647887323943, \"x\": 64.36781609195403}",
            "started_at": 1131.6606896499109,
            "changes": "[]",
            "changes_at": "[]"
        }
    },
    {
        "pk": 47,
        "model": "matches.action",
        "fields": {
            "finished_at": null,
            "results": "[{\"type\": \"location\", \"location\": \"main\"}]",
            "actor": 7,
            "game": 7,
            "action_type": "base_created",
            "position": "{\"y\": 89.14285714285714, \"x\": 50.3448275862069}",
            "started_at": 14.0206896025559,
            "changes": "[]",
            "changes_at": "[]"
        }
    },
    {
        "pk": 48,
        "model": "matches.action",
        "fields": {
            "finished_at": null,
            "results": "[{\"type\": \"location\", \"location\": \"main\"}]",
            "actor": 8,
            "game": 7,
            "action_type": "base_created",
            "position": "{\"y\": 47.542857142857144, \"x\": 92.64367816091954}",
            "started_at": 52.081379397162074,
            "changes": "[]",
            "changes_at": "[]"
        }
    },
    {
        "pk": 49,
        "model": "matches.action",
        "fields": {
            "finished_at": null,
            "results": "[{\"type\": \"macro\", \"unit\": \"Zealot\"}]",
            "actor": 7,
            "game": 7,
            "action_type": "unit_creation",
            "position": "null",
            "started_at": 172.2855173308274,
            "changes": "[]",
            "changes_at": "[]"
        }
    },
    {
        "pk": 50,
        "model": "matches.action",
        "fields": {
            "finished_at": null,
            "results": "[{\"type\": \"macro\", \"unit\": \"Marine\"}]",
            "actor": 8,
            "game": 7,
            "action_type": "unit_creation",
            "position": "null",
            "started_at": 179.29655173729208,
            "changes": "[]",
            "changes_at": "[]"
        }
    },
    {
        "pk": 51,
        "model": "matches.action",
        "fields": {
            "finished_at": null,
            "results": "[{\"type\": \"macro\", \"unit\": \"Stalker\"}]",
            "actor": 7,
            "game": 7,
            "action_type": "unit_creation",
            "position": "null",
            "started_at": 258.5379311134075,
            "changes": "[]",
            "changes_at": "[]"
        }
    },
    {
        "pk": 52,
        "model": "matches.action",
        "fields": {
            "finished_at": null,
            "results": "[{\"type\": \"macro\", \"unit\": \"Sentry\"}]",
            "actor": 7,
            "game": 7,
            "action_type": "unit_creation",
            "position": "null",
            "started_at": 304.6524139930462,
            "changes": "[]",
            "changes_at": "[]"
        }
    },
    {
        "pk": 53,
        "model": "matches.action",
        "fields": {
            "finished_at": null,
            "results": "[{\"type\": \"macro\", \"unit\": \"Marauder\"}]",
            "actor": 8,
            "game": 7,
            "action_type": "unit_creation",
            "position": "null",
            "started_at": 324.6882757647284,
            "changes": "[]",
            "changes_at": "[]"
        }
    },
    {
        "pk": 54,
        "model": "matches.action",
        "fields": {
            "finished_at": null,
            "results": "[{\"type\": \"macro\", \"unit\": \"Observer\"}]",
            "actor": 7,
            "game": 7,
            "action_type": "unit_creation",
            "position": "null",
            "started_at": 362.7544827296816,
            "changes": "[]",
            "changes_at": "[]"
        }
    },
    {
        "pk": 55,
        "model": "matches.action",
        "fields": {
            "finished_at": 460.9462070465088,
            "results": "[{\"type\": \"forces\", \"forces\": [{\"estimate\": \"10\", \"type\": \"Marine\"}, {\"estimate\": \"5\", \"type\": \"Marauder\"}]}, {\"type\": \"forces\", \"forces\": [{\"estimate\": \"5\", \"type\": \"Zealot\"}, {\"estimate\": \"2\", \"type\": \"Stalker\"}, {\"estimate\": \"2\", \"type\": \"Observer\"}]}, {\"win_value\": 2, \"winner\": \"right\", \"type\": \"win\"}]",
            "actor": 8,
            "game": 7,
            "action_type": "base_invaded",
            "position": "{\"y\": 89.82857142857142, \"x\": 32.98850574712643}",
            "started_at": 429.87034501700566,
            "changes": "[]",
            "changes_at": "[]"
        }
    },
    {
        "pk": 56,
        "model": "matches.action",
        "fields": {
            "finished_at": null,
            "results": "[{\"type\": \"macro\", \"unit\": \"Colossus\"}]",
            "actor": 7,
            "game": 7,
            "action_type": "unit_creation",
            "position": "null",
            "started_at": 490.02068979986785,
            "changes": "[]",
            "changes_at": "[]"
        }
    },
    {
        "pk": 57,
        "model": "matches.action",
        "fields": {
            "finished_at": null,
            "results": "[{\"type\": \"macro\", \"unit\": \"Immortal\"}]",
            "actor": 7,
            "game": 7,
            "action_type": "unit_creation",
            "position": "null",
            "started_at": 615.2124138536125,
            "changes": "[]",
            "changes_at": "[]"
        }
    },
    {
        "pk": 58,
        "model": "matches.action",
        "fields": {
            "finished_at": null,
            "results": "[{\"type\": \"macro\", \"unit\": \"Medivac\"}]",
            "actor": 8,
            "game": 7,
            "action_type": "unit_creation",
            "position": "null",
            "started_at": 640.2524139141215,
            "changes": "[]",
            "changes_at": "[]"
        }
    },
    {
        "pk": 59,
        "model": "matches.action",
        "fields": {
            "finished_at": 740.433103627172,
            "results": "[{\"type\": \"forces\", \"forces\": [{\"estimate\": \"20\", \"type\": \"Marine\"}, {\"estimate\": \"10\", \"type\": \"Marauder\"}, {\"estimate\": \"2\", \"type\": \"Medivac\"}]}, {\"type\": \"forces\", \"forces\": [{\"estimate\": \"10\", \"type\": \"Zealot\"}, {\"estimate\": \"5\", \"type\": \"Stalker\"}, {\"estimate\": \"2\", \"type\": \"Sentry\"}, {\"estimate\": \"4\", \"type\": \"Colossus\"}, {\"estimate\": \"1\", \"type\": \"Immortal\"}]}, {\"win_value\": 3, \"winner\": \"right\", \"type\": \"win\"}]",
            "actor": 8,
            "game": 7,
            "action_type": "base_invaded",
            "position": "{\"y\": 89.02857142857142, \"x\": 31.379310344827587}",
            "started_at": 696.3420690339187,
            "changes": "[]",
            "changes_at": "[]"
        }
    },
    {
        "pk": 60,
        "model": "matches.action",
        "fields": {
            "finished_at": null,
            "results": "[{\"type\": \"location\", \"location\": \"main\"}]",
            "actor": 7,
            "game": 8,
            "action_type": "base_created",
            "position": "{\"y\": 64.48390677025527, \"x\": 11.264367816091953}",
            "started_at": 25.044138020482556,
            "changes": "[]",
            "changes_at": "[]"
        }
    },
    {
        "pk": 61,
        "model": "matches.action",
        "fields": {
            "finished_at": null,
            "results": "[{\"type\": \"location\", \"location\": \"main\"}]",
            "actor": 8,
            "game": 8,
            "action_type": "base_created",
            "position": "{\"y\": 33.9622641509434, \"x\": 88.27586206896552}",
            "started_at": 38.064827754579746,
            "changes": "[]",
            "changes_at": "[]"
        }
    },
    {
        "pk": 62,
        "model": "matches.action",
        "fields": {
            "finished_at": null,
            "results": "[{\"type\": \"macro\", \"unit\": \"Marine\"}]",
            "actor": 8,
            "game": 8,
            "action_type": "unit_creation",
            "position": "null",
            "started_at": 144.94896559879697,
            "changes": "[]",
            "changes_at": "[]"
        }
    },
    {
        "pk": 63,
        "model": "matches.action",
        "fields": {
            "finished_at": null,
            "results": "[{\"type\": \"macro\", \"unit\": \"Zealot\"}]",
            "actor": 7,
            "game": 8,
            "action_type": "unit_creation",
            "position": "null",
            "started_at": 175.1034483416327,
            "changes": "[]",
            "changes_at": "[]"
        }
    },
    {
        "pk": 64,
        "model": "matches.action",
        "fields": {
            "finished_at": null,
            "results": "[{\"type\": \"location\", \"location\": \"natural\"}]",
            "actor": 8,
            "game": 8,
            "action_type": "base_created",
            "position": "{\"y\": 12.541620421753608, \"x\": 87.70114942528735}",
            "started_at": 193.22896562773607,
            "changes": "[]",
            "changes_at": "[]"
        }
    },
    {
        "pk": 65,
        "model": "matches.action",
        "fields": {
            "finished_at": null,
            "results": "[{\"type\": \"macro\", \"unit\": \"Stalker\"}]",
            "actor": 7,
            "game": 8,
            "action_type": "unit_creation",
            "position": "null",
            "started_at": 226.3062069333833,
            "changes": "[]",
            "changes_at": "[]"
        }
    },
    {
        "pk": 66,
        "model": "matches.action",
        "fields": {
            "finished_at": null,
            "results": "[{\"type\": \"macro\", \"unit\": \"Sentry\"}]",
            "actor": 7,
            "game": 8,
            "action_type": "unit_creation",
            "position": "null",
            "started_at": 276.5779311081459,
            "changes": "[]",
            "changes_at": "[]"
        }
    },
    {
        "pk": 67,
        "model": "matches.action",
        "fields": {
            "finished_at": null,
            "results": "[{\"type\": \"location\", \"location\": \"natural\"}]",
            "actor": 7,
            "game": 8,
            "action_type": "base_created",
            "position": "{\"y\": 85.23862375138734, \"x\": 11.149425287356323}",
            "started_at": 305.88000001578496,
            "changes": "[]",
            "changes_at": "[]"
        }
    },
    {
        "pk": 68,
        "model": "matches.action",
        "fields": {
            "finished_at": 399.0275863121296,
            "results": "[{\"type\": \"forces\", \"forces\": [{\"estimate\": \"10\", \"type\": \"Marine\"}]}, {\"type\": \"forces\", \"forces\": [{\"estimate\": \"2\", \"type\": \"Stalker\"}]}, {\"win_value\": 2, \"winner\": \"left\", \"type\": \"win\"}]",
            "actor": null,
            "game": 8,
            "action_type": "engagement",
            "position": "{\"y\": 26.526082130965595, \"x\": 60.689655172413794}",
            "started_at": 383.0027586838295,
            "changes": "[]",
            "changes_at": "[]"
        }
    },
    {
        "pk": 69,
        "model": "matches.action",
        "fields": {
            "finished_at": null,
            "results": "[{\"type\": \"macro\", \"unit\": \"Marauder\"}]",
            "actor": 8,
            "game": 8,
            "action_type": "unit_creation",
            "position": "null",
            "started_at": 446.096551829371,
            "changes": "[]",
            "changes_at": "[]"
        }
    },
    {
        "pk": 70,
        "model": "matches.action",
        "fields": {
            "finished_at": null,
            "results": "[{\"type\": \"location\", \"location\": \"other\"}]",
            "actor": 8,
            "game": 8,
            "action_type": "base_created",
            "position": "{\"y\": 10.876803551609324, \"x\": 57.47126436781609}",
            "started_at": 595.7020690523345,
            "changes": "[]",
            "changes_at": "[]"
        }
    },
    {
        "pk": 71,
        "model": "matches.action",
        "fields": {
            "finished_at": null,
            "results": "[{\"type\": \"macro\", \"unit\": \"Medivac\"}]",
            "actor": 8,
            "game": 8,
            "action_type": "unit_creation",
            "position": "null",
            "started_at": 620.8606897551438,
            "changes": "[]",
            "changes_at": "[]"
        }
    },
    {
        "pk": 72,
        "model": "matches.action",
        "fields": {
            "finished_at": null,
            "results": "[{\"type\": \"macro\", \"unit\": \"Stalker\"}]",
            "actor": 7,
            "game": 8,
            "action_type": "unit_creation",
            "position": "null",
            "started_at": 702.995862303109,
            "changes": "[]",
            "changes_at": "[]"
        }
    },
    {
        "pk": 73,
        "model": "matches.action",
        "fields": {
            "finished_at": null,
            "results": "[{\"type\": \"location\", \"location\": \"other\"}]",
            "actor": 7,
            "game": 8,
            "action_type": "base_created",
            "position": "{\"y\": 88.01331853496114, \"x\": 41.95402298850575}",
            "started_at": 734.0455173623973,
            "changes": "[]",
            "changes_at": "[]"
        }
    },
    {
        "pk": 74,
        "model": "matches.action",
        "fields": {
            "finished_at": 867.3075863410687,
            "results": "[{\"type\": \"forces\", \"forces\": [{\"estimate\": \"3\", \"type\": \"Zealot\"}, {\"estimate\": \"10\", \"type\": \"Stalker\"}, {\"estimate\": \"10\", \"type\": \"Sentry\"}]}, {\"type\": \"forces\", \"forces\": [{\"estimate\": \"20\", \"type\": \"Marine\"}, {\"estimate\": \"10\", \"type\": \"Marauder\"}, {\"estimate\": \"5\", \"type\": \"Medivac\"}]}, {\"win_value\": 2, \"winner\": \"left\", \"type\": \"win\"}]",
            "actor": 7,
            "game": 8,
            "action_type": "base_invaded",
            "position": "{\"y\": 15.760266370699222, \"x\": 60.229885057471265}",
            "started_at": 823.2013794471478,
            "changes": "[]",
            "changes_at": "[]"
        }
    },
    {
        "pk": 75,
        "model": "matches.action",
        "fields": {
            "finished_at": 935.6013794603019,
            "results": "[{\"type\": \"forces\", \"forces\": [{\"estimate\": \"20\", \"type\": \"Marine\"}, {\"estimate\": \"10\", \"type\": \"Marauder\"}, {\"estimate\": \"5\", \"type\": \"Medivac\"}]}, {\"type\": \"forces\", \"forces\": [{\"estimate\": \"5\", \"type\": \"Zealot\"}, {\"estimate\": \"10\", \"type\": \"Stalker\"}]}, {\"win_value\": 3, \"winner\": \"left\", \"type\": \"win\"}]",
            "actor": 8,
            "game": 8,
            "action_type": "base_invaded",
            "position": "{\"y\": 82.35294117647058, \"x\": 38.62068965517241}",
            "started_at": 907.3986208027807,
            "changes": "[]",
            "changes_at": "[]"
        }
    },
    {
        "pk": 76,
        "model": "matches.action",
        "fields": {
            "finished_at": 15.020689471014615,
            "results": "[{\"type\": \"forces\", \"forces\": [{\"estimate\": \"3\", \"type\": \"Spine Crawler\"}]}, {\"type\": \"forces\", \"forces\": [{\"estimate\": \"10\", \"type\": \"Thor\"}]}, {\"win_value\": 3, \"winner\": \"right\", \"type\": \"win\"}]",
            "actor": 5,
            "game": 9,
            "action_type": "base_invaded",
            "position": "{\"y\": 31.383737517831666, \"x\": 52.41379310344828}",
            "started_at": 3.004137894202923,
            "changes": "[]",
            "changes_at": "[]"
        }
    },
    {
        "pk": 77,
        "model": "matches.action",
        "fields": {
            "finished_at": 12.03586216630607,
            "results": "[{\"type\": \"forces\", \"forces\": []}, {\"type\": \"forces\", \"forces\": [{\"estimate\": \"1\", \"type\": \"Roach\"}]}, {\"win_value\": 3, \"winner\": \"right\", \"type\": \"win\"}]",
            "actor": 6,
            "game": 10,
            "action_type": "base_invaded",
            "position": "{\"y\": 14.507042253521126, \"x\": 51.724137931034484}",
            "started_at": 5.026206970214844,
            "changes": "[]",
            "changes_at": "[]"
        }
    },
    {
        "pk": 78,
        "model": "matches.action",
        "fields": {
            "finished_at": null,
            "results": "[{\"type\": \"location\", \"location\": \"main\"}]",
            "actor": 10,
            "game": 14,
            "action_type": "base_created",
            "position": "{\"y\": 89.43894389438944, \"x\": 15.057471264367816}",
            "started_at": 34.09931018434722,
            "changes": "[]",
            "changes_at": "[]"
        }
    },
    {
        "pk": 79,
        "model": "matches.action",
        "fields": {
            "finished_at": null,
            "results": "[{\"type\": \"location\", \"location\": \"main\"}]",
            "actor": 9,
            "game": 14,
            "action_type": "base_created",
            "position": "{\"y\": 8.47084708470847, \"x\": 84.59770114942529}",
            "started_at": 40.119999852673764,
            "changes": "[]",
            "changes_at": "[]"
        }
    },
    {
        "pk": 80,
        "model": "matches.action",
        "fields": {
            "finished_at": null,
            "results": "[{\"type\": \"macro\", \"unit\": \"Zealot\"}]",
            "actor": 9,
            "game": 14,
            "action_type": "unit_creation",
            "position": "null",
            "started_at": 51.13241360105317,
            "changes": "[]",
            "changes_at": "[]"
        }
    },
    {
        "pk": 81,
        "model": "matches.action",
        "fields": {
            "finished_at": null,
            "results": "[{\"type\": \"macro\", \"unit\": \"Marine\"}]",
            "actor": 10,
            "game": 14,
            "action_type": "unit_creation",
            "position": "null",
            "started_at": 59.143448204829774,
            "changes": "[]",
            "changes_at": "[]"
        }
    },
    {
        "pk": 82,
        "model": "matches.action",
        "fields": {
            "finished_at": null,
            "results": "[{\"type\": \"macro\", \"unit\": \"Marauder\"}]",
            "actor": 10,
            "game": 14,
            "action_type": "unit_creation",
            "position": "null",
            "started_at": 66.153103400921,
            "changes": "[]",
            "changes_at": "[]"
        }
    },
    {
        "pk": 83,
        "model": "matches.action",
        "fields": {
            "finished_at": null,
            "results": "[{\"type\": \"macro\", \"unit\": \"Stalker\"}]",
            "actor": 9,
            "game": 14,
            "action_type": "unit_creation",
            "position": "null",
            "started_at": 76.19448267180344,
            "changes": "[]",
            "changes_at": "[]"
        }
    },
    {
        "pk": 84,
        "model": "matches.action",
        "fields": {
            "finished_at": null,
            "results": "[{\"type\": \"macro\", \"unit\": \"Sentry\"}]",
            "actor": 9,
            "game": 14,
            "action_type": "unit_creation",
            "position": "null",
            "started_at": 81.20413780212402,
            "changes": "[]",
            "changes_at": "[]"
        }
    },
    {
        "pk": 85,
        "model": "matches.action",
        "fields": {
            "finished_at": 134.3682756095097,
            "results": "[{\"type\": \"forces\", \"forces\": [{\"estimate\": \"4\", \"type\": \"Zealot\"}, {\"estimate\": \"10\", \"type\": \"Stalker\"}, {\"estimate\": \"2\", \"type\": \"Sentry\"}]}, {\"type\": \"forces\", \"forces\": [{\"estimate\": \"10\", \"type\": \"Marine\"}, {\"estimate\": \"5\", \"type\": \"Marauder\"}]}, {\"win_value\": 3, \"winner\": \"right\", \"type\": \"win\"}]",
            "actor": null,
            "game": 14,
            "action_type": "engagement",
            "position": "{\"y\": 46.754675467546754, \"x\": 48.735632183908045}",
            "started_at": 90.22068944470637,
            "changes": "[]",
            "changes_at": "[]"
        }
    },
    {
        "pk": 86,
        "model": "matches.action",
        "fields": {
            "finished_at": null,
            "results": "[{\"type\": \"macro\", \"unit\": \"Archon\"}]",
            "actor": 9,
            "game": 14,
            "action_type": "unit_creation",
            "position": "null",
            "started_at": 122.32965502245673,
            "changes": "[]",
            "changes_at": "[]"
        }
    },
    {
        "pk": 87,
        "model": "matches.action",
        "fields": {
            "finished_at": 188.5199997342866,
            "results": "[{\"type\": \"forces\", \"forces\": [{\"estimate\": \"20\", \"type\": \"Marine\"}, {\"estimate\": \"10\", \"type\": \"Marauder\"}]}, {\"type\": \"forces\", \"forces\": [{\"estimate\": \"5\", \"type\": \"Zealot\"}, {\"estimate\": \"5\", \"type\": \"Stalker\"}, {\"estimate\": \"1\", \"type\": \"Sentry\"}, {\"estimate\": \"1\", \"type\": \"Archon\"}]}, {\"win_value\": 3, \"winner\": \"right\", \"type\": \"win\"}]",
            "actor": 10,
            "game": 14,
            "action_type": "base_invaded",
            "position": "{\"y\": 76.12761276127613, \"x\": 9.540229885057471}",
            "started_at": 161.43724112675108,
            "changes": "[]",
            "changes_at": "[]"
        }
    },
    {
        "pk": 88,
        "model": "matches.action",
        "fields": {
            "finished_at": 50.10206913125926,
            "results": "[{\"type\": \"forces\", \"forces\": [{\"estimate\": \"3\", \"type\": \"Stalker\"}]}, {\"type\": \"forces\", \"forces\": [{\"estimate\": \"3\", \"type\": \"Marauder\"}]}, {\"type\": \"forces\", \"forces\": [{\"estimate\": \"2\", \"type\": \"Stalker\"}]}, {\"type\": \"forces\", \"forces\": [{\"estimate\": \"1\", \"type\": \"Marauder\"}]}, {\"type\": \"forces\", \"forces\": [{\"estimate\": \"2\", \"type\": \"Stalker\"}]}, {\"type\": \"forces\", \"forces\": [{\"estimate\": \"4\", \"type\": \"Marauder\"}]}, {\"win_value\": 3, \"winner\": \"right\", \"type\": \"win\"}]",
            "actor": null,
            "game": 15,
            "action_type": "engagement",
            "position": "{\"y\": 35.070422535211264, \"x\": 41.14942528735632}",
            "started_at": 12.056551637320684,
            "changes": "[u'reinforcement', u'reinforcement']",
            "changes_at": "[28.075862095273774, 39.089655054026636]"
        }
    },
    {
        "pk": 1,
        "model": "matches.player",
        "fields": {
            "official": true,
            "name": "MMA"
        }
    },
    {
        "pk": 2,
        "model": "matches.player",
        "fields": {
            "official": true,
            "name": "July"
        }
    },
    {
        "pk": 3,
        "model": "matches.player",
        "fields": {
            "official": true,
            "name": "Leenock"
        }
    },
    {
        "pk": 4,
        "model": "matches.player",
        "fields": {
            "official": true,
            "name": "BBoongBBoong"
        }
    },
    {
        "pk": 5,
        "model": "matches.player",
        "fields": {
            "official": true,
            "name": "Fin"
        }
    },
    {
        "pk": 6,
        "model": "matches.player",
        "fields": {
            "official": true,
            "name": "Virus"
        }
    },
    {
        "pk": 7,
        "model": "matches.player",
        "fields": {
            "official": true,
            "name": "SuperNova"
        }
    },
    {
        "pk": 9,
        "model": "matches.player",
        "fields": {
            "official": true,
            "name": "TheStC"
        }
    },
    {
        "pk": 10,
        "model": "matches.player",
        "fields": {
            "official": true,
            "name": "Maru"
        }
    },
    {
        "pk": 11,
        "model": "matches.player",
        "fields": {
            "official": true,
            "name": "InCa"
        }
    },
    {
        "pk": 12,
        "model": "matches.player",
        "fields": {
            "official": true,
            "name": "Squirtle"
        }
    },
    {
        "pk": 13,
        "model": "matches.player",
        "fields": {
            "official": true,
            "name": "NesTea"
        }
    },
    {
        "pk": 14,
        "model": "matches.player",
        "fields": {
            "official": true,
            "name": "Curious"
        }
    },
    {
        "pk": 15,
        "model": "matches.player",
        "fields": {
            "official": true,
            "name": "Zenio"
        }
    },
    {
        "pk": 16,
        "model": "matches.player",
        "fields": {
            "official": true,
            "name": "TaeJa"
        }
    },
    {
        "pk": 17,
        "model": "matches.player",
        "fields": {
            "official": true,
            "name": "NaDa"
        }
    },
    {
        "pk": 18,
        "model": "matches.player",
        "fields": {
            "official": true,
            "name": "Jjakji"
        }
    },
    {
        "pk": 19,
        "model": "matches.player",
        "fields": {
            "official": true,
            "name": "MarineKing"
        }
    },
    {
        "pk": 20,
        "model": "matches.player",
        "fields": {
            "official": true,
            "name": "Ryung"
        }
    },
    {
        "pk": 21,
        "model": "matches.player",
        "fields": {
            "official": true,
            "name": "Mvp"
        }
    },
    {
        "pk": 22,
        "model": "matches.player",
        "fields": {
            "official": true,
            "name": "HerO"
        }
    },
    {
        "pk": 23,
        "model": "matches.player",
        "fields": {
            "official": true,
            "name": "Oz"
        }
    },
    {
        "pk": 24,
        "model": "matches.player",
        "fields": {
            "official": true,
            "name": "Seed"
        }
    },
    {
        "pk": 25,
        "model": "matches.player",
        "fields": {
            "official": true,
            "name": "DongRaeGu"
        }
    },
    {
        "pk": 26,
        "model": "matches.player",
        "fields": {
            "official": true,
            "name": "MMA"
        }
    },
    {
        "pk": 27,
        "model": "matches.player",
        "fields": {
            "official": true,
            "name": "GuMiho"
        }
    },
    {
        "pk": 28,
        "model": "matches.player",
        "fields": {
            "official": true,
            "name": "aLive"
        }
    },
    {
        "pk": 29,
        "model": "matches.player",
        "fields": {
            "official": true,
            "name": "PartinG"
        }
    },
    {
        "pk": 30,
        "model": "matches.player",
        "fields": {
            "official": true,
            "name": "Puzzle"
        }
    },
    {
        "pk": 31,
        "model": "matches.player",
        "fields": {
            "official": true,
            "name": "MC"
        }
    },
    {
        "pk": 32,
        "model": "matches.player",
        "fields": {
            "official": true,
            "name": "Genius"
        }
    },
    {
        "pk": 1,
        "model": "matches.map",
        "fields": {
            "slug": "antiga_shipyard",
            "name": "Antiga Shipyard",
            "map_file": "maps/antiga_shipyard.jpg"
        }
    },
    {
        "pk": 2,
        "model": "matches.map",
        "fields": {
            "slug": "atlantis_spaceship",
            "name": "Atlantis Spaceship",
            "map_file": "maps/atlantis_spaceship.jpg"
        }
    },
    {
        "pk": 3,
        "model": "matches.map",
        "fields": {
            "slug": "cloud_kingdom",
            "name": "Cloud Kingdom",
            "map_file": "maps/cloud_kingdom.jpg"
        }
    },
    {
        "pk": 4,
        "model": "matches.map",
        "fields": {
            "slug": "daybreak",
            "name": "Daybreak",
            "map_file": "maps/daybreak.jpg"
        }
    },
    {
        "pk": 5,
        "model": "matches.map",
        "fields": {
            "slug": "dual_site",
            "name": "Dual Site",
            "map_file": "maps/dual_site.jpg"
        }
    },
    {
        "pk": 6,
        "model": "matches.map",
        "fields": {
            "slug": "entombed_valley",
            "name": "Entombed Valley",
            "map_file": "maps/entombed_valley.jpg"
        }
    },
    {
        "pk": 7,
        "model": "matches.map",
        "fields": {
            "slug": "metropolis",
            "name": "Metropolis",
            "map_file": "maps/metropolis.jpg"
        }
    },
    {
        "pk": 8,
        "model": "matches.map",
        "fields": {
            "slug": "ohana",
            "name": "Ohana",
            "map_file": "maps/ohana.jpg"
        }
    }
]
